"""Time""","""NEXO / Market Cap Estimated (USD)"""
"""2019-06-22""",54728825.02029189
"""2019-06-23""",57052676.78149037
"""2019-06-24""",70730428.71028177
"""2019-06-25""",67519684.95348781
"""2019-06-26""",66352847.01215993
"""2019-06-27""",61763758.44219395
"""2019-06-28""",67572820.87169744
"""2019-06-29""",66158371.1777638
"""2019-06-30""",63146113.07534401
"""2019-07-01""",59275273.46690548
"""2019-07-02""",60491202.25337343
"""2019-07-03""",63677404.05149198
"""2019-07-04""",57347344.2377351
"""2019-07-05""",55898539.62472175
"""2019-07-06""",56081904.95424303
"""2019-07-07""",55649207.40909928
"""2019-07-08""",62470005.32234173
"""2019-07-09""",60458343.074961245
"""2019-07-10""",60013170.91680625
"""2019-07-11""",54128542.32997822
"""2019-07-12""",56274955.32373368
"""2019-07-13""",55952148.967814274
"""2019-07-14""",49756794.03854487
"""2019-07-15""",55070163.46977949
"""2019-07-16""",46500459.39630186
"""2019-07-17""",48086325.48212377
"""2019-07-18""",55213750.1651408
"""2019-07-19""",55360520.7857203
"""2019-07-20""",56704285.477144234
"""2019-07-21""",53499223.662322894
"""2019-07-22""",53347815.13037461
"""2019-07-23""",58294816.477239154
"""2019-07-24""",64949968.688671455
"""2019-07-25""",62346691.65476661
"""2019-07-26""",64854144.664405376
"""2019-07-27""",63930253.18996675
"""2019-07-28""",61936180.66783881
"""2019-07-29""",63530014.33868042
"""2019-07-30""",62896178.66527492
"""2019-07-31""",71049235.46430783
"""2019-08-01""",66289054.48714805
"""2019-08-02""",65164373.64696921
"""2019-08-03""",61196855.25952668
"""2019-08-04""",53472009.81851859
"""2019-08-05""",51369622.536652826
"""2019-08-06""",50185234.0991805
"""2019-08-07""",50258182.59112777
"""2019-08-08""",49981079.564602375
"""2019-08-09""",45582045.20527969
"""2019-08-10""",44552801.28584568
"""2019-08-11""",46389873.21242737
"""2019-08-12""",47929236.641940124
"""2019-08-13""",46307016.41575778
"""2019-08-14""",40381451.28640186
"""2019-08-15""",41480205.7378401
"""2019-08-16""",43429524.17107182
"""2019-08-17""",44635334.34501278
"""2019-08-18""",45957722.94793786
"""2019-08-19""",47233865.98752309
"""2019-08-20""",45886193.99057431
"""2019-08-21""",42658614.57686036
"""2019-08-22""",41847850.18645807
"""2019-08-23""",42950492.69167754
"""2019-08-24""",40668307.19151377
"""2019-08-25""",39755466.24614627
"""2019-08-26""",44595324.47118239
"""2019-08-27""",41059667.680291206
"""2019-08-28""",38624084.41490892
"""2019-08-29""",37996065.18285885
"""2019-08-30""",37380723.5852409
"""2019-08-31""",37024551.91227107
"""2019-09-01""",38097082.33128795
"""2019-09-02""",39594814.46548386
"""2019-09-03""",40347776.06279
"""2019-09-04""",40113614.79630089
"""2019-09-05""",42828867.811701655
"""2019-09-06""",44937119.61481726
"""2019-09-07""",46955369.03864411
"""2019-09-08""",45794116.92485315
"""2019-09-09""",49105659.03422472
"""2019-09-10""",48648475.4831331
"""2019-09-11""",54666678.46918352
"""2019-09-12""",52598982.47942503
"""2019-09-13""",49775531.184761226
"""2019-09-14""",50958384.86234688
"""2019-09-15""",50363350.161434114
"""2019-09-16""",50334251.39283295
"""2019-09-17""",55079777.8736958
"""2019-09-18""",56212109.5269312
"""2019-09-19""",59379693.364069074
"""2019-09-20""",56217547.62358877
"""2019-09-21""",57372534.22611265
"""2019-09-22""",56880312.22738718
"""2019-09-23""",54209609.59256429
"""2019-09-24""",47725335.84057802
"""2019-09-25""",51306720.975296974
"""2019-09-26""",47758113.96271584
"""2019-09-27""",47381363.15257343
"""2019-09-28""",44535409.74123808
"""2019-09-29""",43729606.2497075
"""2019-09-30""",46320848.63721956
"""2019-10-01""",47258574.22259875
"""2019-10-02""",48073718.189574406
"""2019-10-03""",48410221.74065881
"""2019-10-04""",49797577.47858892
"""2019-10-05""",52294522.21262468
"""2019-10-06""",49299417.33712544
"""2019-10-07""",52814835.09049017
"""2019-10-08""",52405543.641365945
"""2019-10-09""",53502314.573142156
"""2019-10-10""",49850328.54410666
"""2019-10-11""",47871074.80754583
"""2019-10-12""",50836563.71340145
"""2019-10-13""",51283495.20681655
"""2019-10-14""",52114633.26366651
"""2019-10-15""",53270314.3984113
"""2019-10-16""",53639033.65400121
"""2019-10-17""",52979413.10236973
"""2019-10-18""",52726013.68870272
"""2019-10-19""",54001586.05255903
"""2019-10-20""",55444668.81135314
"""2019-10-21""",56372657.02458819
"""2019-10-22""",54797875.46783627
"""2019-10-23""",51162923.88379799
"""2019-10-24""",51466299.427858815
"""2019-10-25""",57933455.663389675
"""2019-10-26""",58045971.13556096
"""2019-10-27""",54563891.96315587
"""2019-10-28""",52925785.836799785
"""2019-10-29""",54127971.50216956
"""2019-10-30""",52409921.32126469
"""2019-10-31""",51519950.08841601
"""2019-11-01""",52530192.75816449
"""2019-11-02""",52358302.87004998
"""2019-11-03""",55959822.96705698
"""2019-11-04""",57839106.38873675
"""2019-11-05""",58325634.89568079
"""2019-11-06""",57754250.55977193
"""2019-11-07""",57312465.03614826
"""2019-11-08""",57157711.83664336
"""2019-11-09""",58331683.32487711
"""2019-11-10""",59002699.219330564
"""2019-11-11""",58586322.43014259
"""2019-11-12""",59016372.58359025
"""2019-11-13""",60387611.21941113
"""2019-11-14""",61342838.786482
"""2019-11-15""",60279595.76636376
"""2019-11-16""",61039724.7005669
"""2019-11-17""",60843168.05245207
"""2019-11-18""",60797877.22503519
"""2019-11-19""",59840692.138264544
"""2019-11-20""",59820663.48517474
"""2019-11-21""",51653550.391645655
"""2019-11-22""",50951814.456886604
"""2019-11-23""",52502329.454542674
"""2019-11-24""",49719928.693005465
"""2019-11-25""",49530888.74934326
"""2019-11-26""",51866015.26593231
"""2019-11-27""",53334673.003516816
"""2019-11-28""",52130120.29185378
"""2019-11-29""",53709346.15884978
"""2019-11-30""",55156888.799564265
"""2019-12-01""",58331189.57772349
"""2019-12-02""",51070948.68935071
"""2019-12-03""",53867441.687668614
"""2019-12-04""",52307310.96838995
"""2019-12-05""",54089136.12006164
"""2019-12-06""",53004819.50305237
"""2019-12-07""",54121113.70793988
"""2019-12-08""",53696387.122604325
"""2019-12-09""",53768456.70912345
"""2019-12-10""",53251284.51554467
"""2019-12-11""",52917436.13842563
"""2019-12-12""",51686533.21700345
"""2019-12-13""",53328560.0991921
"""2019-12-14""",51642613.515305355
"""2019-12-15""",52333280.00215079
"""2019-12-16""",49337489.143185675
"""2019-12-17""",46878438.996982075
"""2019-12-18""",52112038.85556599
"""2019-12-19""",50884093.92092536
"""2019-12-20""",51913884.97929406
"""2019-12-21""",51298065.13451005
"""2019-12-22""",53410151.88681526
"""2019-12-23""",51595152.496197194
"""2019-12-24""",51721410.08865206
"""2019-12-25""",50243636.40895319
"""2019-12-26""",50533044.51987876
"""2019-12-27""",51847637.4168958
"""2019-12-28""",52991013.22828789
"""2019-12-29""",54650470.96837071
"""2019-12-30""",54713918.33396267
"""2019-12-31""",53766750.83877963
"""2020-01-01""",55129426.41060551
"""2020-01-02""",57856461.85263302
"""2020-01-03""",60078646.16309092
"""2020-01-04""",63002039.4865861
"""2020-01-05""",63841653.9964425
"""2020-01-06""",64511681.49416157
"""2020-01-07""",64923555.442266285
"""2020-01-08""",67211853.65368363
"""2020-01-09""",60472611.82215732
"""2020-01-10""",66884019.05843737
"""2020-01-11""",65859511.28280272
"""2020-01-12""",66458625.513052434
"""2020-01-13""",61516524.51785975
"""2020-01-14""",62092197.78480933
"""2020-01-15""",58242711.89604892
"""2020-01-16""",58965029.11278938
"""2020-01-17""",59671370.41667356
"""2020-01-18""",61277453.28137101
"""2020-01-19""",61699105.078831404
"""2020-01-20""",60320852.60961624
"""2020-01-21""",59429791.935022585
"""2020-01-22""",59582669.574309565
"""2020-01-23""",55478941.78763434
"""2020-01-24""",55899618.9998711
"""2020-01-25""",57503277.82651869
"""2020-01-26""",61209362.54747177
"""2020-01-27""",66916862.12825887
"""2020-01-28""",71458952.62421769
"""2020-01-29""",77074224.30306977
"""2020-01-30""",80749688.0781389
"""2020-01-31""",81401577.38250147
"""2020-02-01""",85971088.42293803
"""2020-02-02""",88632081.85507642
"""2020-02-03""",85637832.61977883
"""2020-02-04""",82055129.83862065
"""2020-02-05""",89455711.53918247
"""2020-02-06""",95961462.09553285
"""2020-02-07""",99149260.60094313
"""2020-02-08""",99739562.2511877
"""2020-02-09""",106146203.5188298
"""2020-02-10""",103695579.23131591
"""2020-02-11""",111885985.86536181
"""2020-02-12""",126399389.38848719
"""2020-02-13""",125684000.8658951
"""2020-02-14""",125186641.81000753
"""2020-02-15""",114029755.03670631
"""2020-02-16""",114728907.25093484
"""2020-02-17""",113417984.32997675
"""2020-02-18""",112556409.42513141
"""2020-02-19""",106429826.85679749
"""2020-02-20""",105227139.38939422
"""2020-02-21""",108469884.46937872
"""2020-02-22""",107192304.40586051
"""2020-02-23""",112055189.2101814
"""2020-02-24""",102343466.28894919
"""2020-02-25""",92163767.40884404
"""2020-02-26""",97939110.54060397
"""2020-02-27""",84859393.93007404
"""2020-02-28""",85250575.4174403
"""2020-02-29""",85849189.45340075
"""2020-03-01""",88253638.16617344
"""2020-03-02""",102458478.10127597
"""2020-03-03""",96697967.49603283
"""2020-03-04""",102690219.59048957
"""2020-03-05""",103055991.95115691
"""2020-03-06""",105060605.45437066
"""2020-03-07""",101793039.11045912
"""2020-03-08""",87468226.31697997
"""2020-03-09""",84410004.26854025
"""2020-03-10""",85224389.12427981
"""2020-03-11""",84575627.55440898
"""2020-03-12""",44789401.88420209
"""2020-03-13""",54818611.44289912
"""2020-03-14""",54063843.42325429
"""2020-03-15""",50721984.93324897
"""2020-03-16""",45873346.97909618
"""2020-03-17""",51062077.196738586
"""2020-03-18""",49708326.07320376
"""2020-03-19""",61105511.91040499
"""2020-03-20""",56290772.49493551
"""2020-03-21""",60783107.56967976
"""2020-03-22""",53982202.81891176
"""2020-03-23""",60054053.0036314
"""2020-03-24""",59425741.42287677
"""2020-03-25""",59008886.339708
"""2020-03-26""",60976744.57490834
"""2020-03-27""",59597929.028185755
"""2020-03-28""",58530851.92050989
"""2020-03-29""",56612290.25829169
"""2020-03-30""",60122101.90553157
"""2020-03-31""",61208950.23223296
"""2020-04-01""",62354806.35473001
"""2020-04-02""",62796015.55507923
"""2020-04-03""",61663486.56995215
"""2020-04-04""",63689121.47402944
"""2020-04-05""",61733102.90507018
"""2020-04-06""",68404871.69459483
"""2020-04-07""",65964340.60856747
"""2020-04-08""",67353829.38067445
"""2020-04-09""",67527059.00274229
"""2020-04-10""",61740323.90568073
"""2020-04-11""",62109034.323809855
"""2020-04-12""",62830462.1969565
"""2020-04-13""",57582834.70767154
"""2020-04-14""",60525847.783959374
"""2020-04-15""",56727333.41556231
"""2020-04-16""",63377085.50829956
"""2020-04-17""",61655828.52777836
"""2020-04-18""",62722024.15678391
"""2020-04-19""",58707641.63264951
"""2020-04-20""",56682370.159444004
"""2020-04-21""",59202463.43214663
"""2020-04-22""",60286008.766433954
"""2020-04-23""",61151232.61572835
"""2020-04-24""",60300642.932038724
"""2020-04-25""",58817291.35092143
"""2020-04-26""",57911491.77449513
"""2020-04-27""",58594313.60082826
"""2020-04-28""",59932581.9438968
"""2020-04-29""",63890115.85217028
"""2020-04-30""",59649661.91319022
"""2020-05-01""",61373456.44707997
"""2020-05-02""",60158741.77428748
"""2020-05-03""",60258204.182556
"""2020-05-04""",62117987.08995423
"""2020-05-05""",61006420.505054526
"""2020-05-06""",61603647.5006502
"""2020-05-07""",62265039.438935764
"""2020-05-08""",60416572.98611583
"""2020-05-09""",59621702.324274145
"""2020-05-10""",53258078.10190348
"""2020-05-11""",55876747.81047674
"""2020-05-12""",60735082.084994175
"""2020-05-13""",65394313.86824135
"""2020-05-14""",64716201.36627581
"""2020-05-15""",62485290.05791957
"""2020-05-16""",61511739.120925285
"""2020-05-17""",62112162.38547991
"""2020-05-18""",62464414.32269063
"""2020-05-19""",61493813.986645944
"""2020-05-20""",60554667.56546098
"""2020-05-21""",59733029.909117736
"""2020-05-22""",62979338.02833398
"""2020-05-23""",64202329.93383406
"""2020-05-24""",62706853.43582043
"""2020-05-25""",65645870.00998493
"""2020-05-26""",67983706.81940666
"""2020-05-27""",69435730.50725281
"""2020-05-28""",72210670.00899461
"""2020-05-29""",74968948.37198727
"""2020-05-30""",76699159.0245111
"""2020-05-31""",71363353.24462819
"""2020-06-01""",85801080.1200615
"""2020-06-02""",69282086.64370397
"""2020-06-03""",70601293.42451727
"""2020-06-04""",72265276.05249411
"""2020-06-05""",69980677.45761558
"""2020-06-06""",73969086.10861371
"""2020-06-07""",72304177.54297274
"""2020-06-08""",67531423.08674699
"""2020-06-09""",72154774.00623591
"""2020-06-10""",73345165.12083514
"""2020-06-11""",68979209.83991848
"""2020-06-12""",70383485.3834491
"""2020-06-13""",71815425.17707448
"""2020-06-14""",70582974.37500234
"""2020-06-15""",70690348.28663927
"""2020-06-16""",83013458.53727973
"""2020-06-17""",84784331.48195878
"""2020-06-18""",91510010.20821816
"""2020-06-19""",95959496.7851919
"""2020-06-20""",97467732.10950679
"""2020-06-21""",104194968.18739848
"""2020-06-22""",112316809.52172017
"""2020-06-23""",109581541.86406206
"""2020-06-24""",102692059.61778621
"""2020-06-25""",108513020.7647607
"""2020-06-26""",111848475.2132694
"""2020-06-27""",103690487.87919302
"""2020-06-28""",108555937.6789555
"""2020-06-29""",109630693.76051465
"""2020-06-30""",117292218.41442627
"""2020-07-01""",128426772.86643477
"""2020-07-02""",123094705.9066642
"""2020-07-03""",111523318.22523986
"""2020-07-04""",117958006.25760159
"""2020-07-05""",117154744.06626515
"""2020-07-06""",119025492.16447723
"""2020-07-07""",117832131.93061174
"""2020-07-08""",127261569.33317289
"""2020-07-09""",124315242.97486223
"""2020-07-10""",125124983.33856994
"""2020-07-11""",125965370.74253918
"""2020-07-12""",131351642.38982049
"""2020-07-13""",119163376.76857007
"""2020-07-14""",109788963.08749941
"""2020-07-15""",111832225.30421527
"""2020-07-16""",105455537.44914857
"""2020-07-17""",110524737.12563656
"""2020-07-18""",110797456.41418007
"""2020-07-19""",108655219.8414936
"""2020-07-20""",109258629.8573992
"""2020-07-21""",109067751.2097368
"""2020-07-22""",111457893.01964833
"""2020-07-23""",113032642.19829732
"""2020-07-24""",116452405.31588513
"""2020-07-25""",127296097.80578914
"""2020-07-26""",126702130.61996907
"""2020-07-27""",126699504.99692832
"""2020-07-28""",130828065.22814739
"""2020-07-29""",129426463.57564877
"""2020-07-30""",129863653.66162696
"""2020-07-31""",130348855.19763044
"""2020-08-01""",126781778.15344362
"""2020-08-02""",126009637.38546233
"""2020-08-03""",124881072.38171129
"""2020-08-04""",132720329.04452384
"""2020-08-05""",101734363.65169539
"""2020-08-06""",102896316.52211711
"""2020-08-07""",93382298.64241521
"""2020-08-08""",94738765.26317164
"""2020-08-09""",94457659.8025286
"""2020-08-10""",94634154.23937607
"""2020-08-11""",91623747.73602761
"""2020-08-12""",98270024.32216139
"""2020-08-13""",89435428.91250364
"""2020-08-14""",89211800.19892819
"""2020-08-15""",77245574.77813645
"""2020-08-16""",77998073.34480572
"""2020-08-17""",84188123.65828836
"""2020-08-18""",72196235.49040012
"""2020-08-19""",74006610.77963327
"""2020-08-20""",74961539.97240049
"""2020-08-21""",73233221.1304067
"""2020-08-22""",76975619.91003563
"""2020-08-23""",74540512.6816503
"""2020-08-24""",78042164.94559862
"""2020-08-25""",71504185.84022795
"""2020-08-26""",82728443.21333794
"""2020-08-27""",82098973.79513784
"""2020-08-28""",87500053.40648541
"""2020-08-29""",85178741.56485017
"""2020-08-30""",83758535.4154147
"""2020-08-31""",95002829.07015081
"""2020-09-01""",96841030.80907324
"""2020-09-02""",92143428.69958493
"""2020-09-03""",71795025.47023596
"""2020-09-04""",72545914.06069103
"""2020-09-05""",65997098.853233054
"""2020-09-06""",68961844.03265905
"""2020-09-07""",69095483.21294187
"""2020-09-08""",73909542.09924303
"""2020-09-09""",71559531.63439538
"""2020-09-10""",74028779.41819547
"""2020-09-11""",72871351.97421853
"""2020-09-12""",71975257.60602924
"""2020-09-13""",69788935.54157263
"""2020-09-14""",71759643.24970077
"""2020-09-15""",69220116.5544021
"""2020-09-16""",68548925.45150734
"""2020-09-17""",69090121.94260895
"""2020-09-18""",67200204.00716954
"""2020-09-19""",66390793.380911574
"""2020-09-20""",66768483.21590195
"""2020-09-21""",66147757.0290031
"""2020-09-22""",69178462.06615603
"""2020-09-23""",66460103.56748885
"""2020-09-24""",72932507.42086585
"""2020-09-25""",71894714.25686437
"""2020-09-26""",73027434.32211822
"""2020-09-27""",73210843.44587244
"""2020-09-28""",74080390.23675032
"""2020-09-29""",75753197.59957004
"""2020-09-30""",78569271.48416366
"""2020-10-01""",79297089.42158608
"""2020-10-02""",79982755.27642107
"""2020-10-03""",79381444.14102507
"""2020-10-04""",75495358.60190867
"""2020-10-05""",75235496.51789387
"""2020-10-06""",73132606.08868821
"""2020-10-07""",71049595.92384084
"""2020-10-08""",70276201.84243707
"""2020-10-09""",70123975.11857876
"""2020-10-10""",72490318.06216808
"""2020-10-11""",72649112.77893624
"""2020-10-12""",71949298.11684547
"""2020-10-13""",72592782.35485825
"""2020-10-14""",73546275.2046599
"""2020-10-15""",79014151.4007515
"""2020-10-16""",78227991.66434476
"""2020-10-17""",77901288.71439488
"""2020-10-18""",83224715.26734778
"""2020-10-19""",84751440.49909306
"""2020-10-20""",80158005.38078126
"""2020-10-21""",83828195.19434902
"""2020-10-22""",82561273.65379575
"""2020-10-23""",81753419.39813295
"""2020-10-24""",82024186.38075764
"""2020-10-25""",79948940.69179405
"""2020-10-26""",80697300.64023578
"""2020-10-27""",89831924.5384874
"""2020-10-28""",91777874.13437067
"""2020-10-29""",91352492.14390498
"""2020-10-30""",92584513.01687375
"""2020-10-31""",99206150.12996407
"""2020-11-01""",98142654.5915518
"""2020-11-02""",100279467.02823871
"""2020-11-03""",97860372.95923096
"""2020-11-04""",97015556.95883697
"""2020-11-05""",98707033.6971819
"""2020-11-06""",97058065.45897758
"""2020-11-07""",93866781.7451899
"""2020-11-08""",92822296.96832846
"""2020-11-09""",93716547.72070296
"""2020-11-10""",98930753.42688584
"""2020-11-11""",103330242.35805666
"""2020-11-12""",107771605.37046899
"""2020-11-13""",115998868.51609659
"""2020-11-14""",115731498.77431324
"""2020-11-15""",111705097.23491463
"""2020-11-16""",114774176.45094918
"""2020-11-17""",135413165.16088498
"""2020-11-18""",127162880.87964882
"""2020-11-19""",120465336.51302168
"""2020-11-20""",130849844.9490132
"""2020-11-21""",138971925.5868271
"""2020-11-22""",140765285.49580708
"""2020-11-23""",141097825.49286446
"""2020-11-24""",147380480.60785076
"""2020-11-25""",131338665.65519029
"""2020-11-26""",131051593.08592208
"""2020-11-27""",144812801.4901324
"""2020-11-28""",166711992.39901605
"""2020-11-29""",175164930.29746094
"""2020-11-30""",187876198.50463873
"""2020-12-01""",185156389.59113812
"""2020-12-02""",174161382.01871905
"""2020-12-03""",216844513.52871495
"""2020-12-04""",217001400.34172374
"""2020-12-05""",253738410.14404818
"""2020-12-06""",219338610.0111545
"""2020-12-07""",248999426.01157188
"""2020-12-08""",239562236.45678455
"""2020-12-09""",280225578.47041035
"""2020-12-10""",287748405.41687626
"""2020-12-11""",273732344.87388337
"""2020-12-12""",295928262.15240127
"""2020-12-13""",294061273.5447296
"""2020-12-14""",288749645.9176715
"""2020-12-15""",326374680.97055554
"""2020-12-16""",340932193.04359204
"""2020-12-17""",386849502.726349
"""2020-12-18""",403255212.073756
"""2020-12-19""",415317448.1271266
"""2020-12-20""",382096446.8361771
"""2020-12-21""",332034343.5899117
"""2020-12-22""",365828137.57544416
"""2020-12-23""",315681620.10194516
"""2020-12-24""",339154854.72724813
"""2020-12-25""",320699737.9361935
"""2020-12-26""",348005809.05630064
"""2020-12-27""",324474164.3019696
"""2020-12-28""",335313126.7973065
"""2020-12-29""",325674927.5668933
"""2020-12-30""",299491586.8989522
"""2020-12-31""",308023192.8319751
"""2021-01-01""",326455571.0472367
"""2021-01-02""",361066323.5751572
"""2021-01-03""",343501818.08669716
"""2021-01-04""",350374596.3159896
"""2021-01-05""",347622040.64464664
"""2021-01-06""",374479406.27113456
"""2021-01-07""",348604412.16589034
"""2021-01-08""",364090663.54297006
"""2021-01-09""",356201731.0453682
"""2021-01-10""",350779533.66351473
"""2021-01-11""",312746795.39931333
"""2021-01-12""",303339411.2775333
"""2021-01-13""",329846602.4567426
"""2021-01-14""",374844136.4426162
"""2021-01-15""",376050198.7795151
"""2021-01-16""",372639813.3842573
"""2021-01-17""",364915918.1626921
"""2021-01-18""",382399867.56487834
"""2021-01-19""",417434445.3652157
"""2021-01-20""",421264205.1311729
"""2021-01-21""",373953216.2709415
"""2021-01-22""",389692590.1161611
"""2021-01-23""",381434115.89283943
"""2021-01-24""",408480182.69914025
"""2021-01-25""",410644182.2845787
"""2021-01-26""",405744050.2650434
"""2021-01-27""",405079673.9437774
"""2021-01-28""",426873543.4078239
"""2021-01-29""",432019980.7452266
"""2021-01-30""",480827388.14400727
"""2021-01-31""",464725737.40336543
"""2021-02-01""",515053584.20845145
"""2021-02-02""",572130234.1290506
"""2021-02-03""",655707459.7159073
"""2021-02-04""",762564534.0982498
"""2021-02-05""",793522393.9598545
"""2021-02-06""",798490103.069362
"""2021-02-07""",844559623.5386889
"""2021-02-08""",917661665.0487204
"""2021-02-09""",956499714.4611151
"""2021-02-10""",909102328.3649188
"""2021-02-11""",905024299.2120023
"""2021-02-12""",938608945.4388903
"""2021-02-13""",943334702.5800248
"""2021-02-14""",948060532.8399407
"""2021-02-15""",950777958.3771435
"""2021-02-16""",1027720761.3603343
"""2021-02-17""",1018488201.7315977
"""2021-02-18""",1100765183.7860746
"""2021-02-19""",1301065289.6094465
"""2021-02-20""",1378013053.048612
"""2021-02-21""",1396586904.5022116
"""2021-02-22""",1301948419.8556595
"""2021-02-23""",1132114217.4001937
"""2021-02-24""",1179862176.8815415
"""2021-02-25""",1121573217.0721908
"""2021-02-26""",1125836307.8326492
"""2021-02-27""",1121751189.9540684
"""2021-02-28""",1150112882.7528586
"""2021-03-01""",1237192636.9228797
"""2021-03-02""",1181597670.270982
"""2021-03-03""",1295689509.9146667
"""2021-03-04""",1231091955.495759
"""2021-03-05""",1194854157.3467524
"""2021-03-06""",1164853174.5770442
"""2021-03-07""",1217177196.8005764
"""2021-03-08""",1298241273.1035628
"""2021-03-09""",1403478337.264822
"""2021-03-10""",1362483972.947877
"""2021-03-11""",1384678717.182479
"""2021-03-12""",1332648475.7851913
"""2021-03-13""",1414176267.061038
"""2021-03-14""",1439948827.8942769
"""2021-03-15""",1461417555.8895524
"""2021-03-16""",1509100576.3151062
"""2021-03-17""",1540910326.812913
"""2021-03-18""",1538794388.4618714
"""2021-03-19""",1571514359.0493793
"""2021-03-20""",1510974189.2667465
"""2021-03-21""",1517826818.17473
"""2021-03-22""",1378975160.5813646
"""2021-03-23""",1367199904.5349383
"""2021-03-24""",1311670022.2355914
"""2021-03-25""",1364903967.9813373
"""2021-03-26""",1491974540.4697652
"""2021-03-27""",1455536021.180377
"""2021-03-28""",1410683393.6872518
"""2021-03-29""",1492072779.134191
"""2021-03-30""",1538363221.9026926
"""2021-03-31""",1547471267.9099493
"""2021-04-01""",1557152645.807063
"""2021-04-02""",1569776813.5952637
"""2021-04-03""",1506638533.711633
"""2021-04-04""",1542120613.856903
"""2021-04-05""",1600933909.7566974
"""2021-04-06""",1616193957.3901854
"""2021-04-07""",1519162435.4764605
"""2021-04-08""",1576147198.1479902
"""2021-04-09""",1596057396.9512868
"""2021-04-10""",1609272631.684756
"""2021-04-11""",1646910899.8000238
"""2021-04-12""",1808394502.5311513
"""2021-04-13""",1910017842.5041897
"""2021-04-14""",2090764354.889481
"""2021-04-15""",2127416005.4615307
"""2021-04-16""",2068332610.933581
"""2021-04-17""",2029564288.2943833
"""2021-04-18""",1995231257.709398
"""2021-04-19""",1912812017.3215015
"""2021-04-20""",1996861765.0712473
"""2021-04-21""",1987761280.7601979
"""2021-04-22""",1957680049.8131876
"""2021-04-23""",1915707768.2040117
"""2021-04-24""",1880979588.5118687
"""2021-04-25""",1846490145.8212988
"""2021-04-26""",1971499357.7554476
"""2021-04-27""",2046542765.5009062
"""2021-04-28""",2058975161.176441
"""2021-04-29""",2010849799.1219862
"""2021-04-30""",2048581470.8056045
"""2021-05-01""",2130968987.9021182
"""2021-05-02""",2057384959.0419238
"""2021-05-03""",2213336597.092955
"""2021-05-04""",2043251145.0689967
"""2021-05-05""",2120057332.433412
"""2021-05-06""",2048084483.9923792
"""2021-05-07""",2032180101.3120954
"""2021-05-08""",2187941842.4986105
"""2021-05-09""",2187479383.2293406
"""2021-05-10""",2142060400.762717
"""2021-05-11""",2195724956.2689557
"""2021-05-12""",2071305677.7642312
"""2021-05-13""",1963605611.119509
"""2021-05-14""",2199192464.398127
"""2021-05-15""",1906210395.8682911
"""2021-05-16""",1873890732.4700139
"""2021-05-17""",1733193636.2359216
"""2021-05-18""",1741809842.8615987
"""2021-05-19""",1236142978.6841807
"""2021-05-20""",1385023900.7141645
"""2021-05-21""",1122536732.3436139
"""2021-05-22""",1053238580.9919893
"""2021-05-23""",822440761.5631893
"""2021-05-24""",1169981439.933078
"""2021-05-25""",1091543293.7719302
"""2021-05-26""",1382685626.3150325
"""2021-05-27""",1226299086.704138
"""2021-05-28""",1030480138.1304964
"""2021-05-29""",1016186786.2762635
"""2021-05-30""",1067562271.1066716
"""2021-05-31""",1119060150.6641834
"""2021-06-01""",1101714109.4866776
"""2021-06-02""",1203030171.4447477
"""2021-06-03""",1271139749.2191238
"""2021-06-04""",1196800255.4587002
"""2021-06-05""",1164511301.5461497
"""2021-06-06""",1249474987.3374727
"""2021-06-07""",1248987207.0466878
"""2021-06-08""",1101853821.4518135
"""2021-06-09""",1232189482.185571
"""2021-06-10""",1152415187.5614007
"""2021-06-11""",1071819837.0433633
"""2021-06-12""",1042919913.4747111
"""2021-06-13""",1082138779.1511977
"""2021-06-14""",1083608012.4770772
"""2021-06-15""",1043202969.9197177
"""2021-06-16""",976668707.5200014
"""2021-06-17""",1045043739.3573887
"""2021-06-18""",981810683.2935156
"""2021-06-19""",950227104.7341806
"""2021-06-20""",899212115.1508188
"""2021-06-21""",735632077.2180845
"""2021-06-22""",756134322.4943631
"""2021-06-23""",829934525.9848249
"""2021-06-24""",874169427.590441
"""2021-06-25""",777723488.2243611
"""2021-06-26""",667072710.9301722
"""2021-06-27""",702703198.1010597
"""2021-06-28""",766691727.6482209
"""2021-06-29""",822569898.7499695
"""2021-06-30""",825236328.1545404
"""2021-07-01""",760446282.7684036
"""2021-07-02""",839315945.9187046
"""2021-07-03""",844699227.1204538
"""2021-07-04""",874444226.8277793
"""2021-07-05""",854825753.4730867
"""2021-07-06""",913161539.0257343
"""2021-07-07""",938443780.7626654
"""2021-07-08""",890871619.207666
"""2021-07-09""",920086202.3937305
"""2021-07-10""",915435069.9234502
"""2021-07-11""",911741859.7560658
"""2021-07-12""",878855327.1900578
"""2021-07-13""",858759277.45323
"""2021-07-14""",888107561.7072515
"""2021-07-15""",826844997.0705874
"""2021-07-16""",807143186.2838938
"""2021-07-17""",822954360.8865777
"""2021-07-18""",824239367.1324477
"""2021-07-19""",801428174.4511508
"""2021-07-20""",719114734.4260095
"""2021-07-21""",788091628.3295249
"""2021-07-22""",825351739.8954059
"""2021-07-23""",846427678.9805995
"""2021-07-24""",871719117.0837886
"""2021-07-25""",871878855.6276973
"""2021-07-26""",910525552.9258658
"""2021-07-27""",961139850.458383
"""2021-07-28""",991496467.7373563
"""2021-07-29""",1012687656.420951
"""2021-07-30""",1043759534.1566731
"""2021-07-31""",1054829384.0789642
"""2021-08-01""",1013798631.8344929
"""2021-08-02""",1024371819.1590647
"""2021-08-03""",953596257.3243593
"""2021-08-04""",996495088.2796545
"""2021-08-05""",1015413757.7548761
"""2021-08-06""",1045013436.2141929
"""2021-08-07""",1128517804.7043543
"""2021-08-08""",1083506783.6263611
"""2021-08-09""",1107327042.3997216
"""2021-08-10""",1117021504.5095086
"""2021-08-11""",1077200482.451032
"""2021-08-12""",1032585150.7324052
"""2021-08-13""",1125907033.4019563
"""2021-08-14""",1118452252.12865
"""2021-08-15""",1115787273.4903731
"""2021-08-16""",1038925594.4952455
"""2021-08-17""",996556484.6855164
"""2021-08-18""",1011948580.3437696
"""2021-08-19""",1027807416.9956355
"""2021-08-20""",1078282168.4551127
"""2021-08-21""",1057763033.0807987
"""2021-08-22""",1079828358.6142578
"""2021-08-23""",1103935965.9379792
"""2021-08-24""",1057161742.5138946
"""2021-08-25""",1074598727.5770662
"""2021-08-26""",1033013585.4919919
"""2021-08-27""",1082683439.3233037
"""2021-08-28""",1067492241.5147907
"""2021-08-29""",1035685262.1415349
"""2021-08-30""",1035229691.9351338
"""2021-08-31""",1047082906.7690666
"""2021-09-01""",1091354510.4335928
"""2021-09-02""",1084560452.4466496
"""2021-09-03""",1108533851.7795238
"""2021-09-04""",1111575096.7910004
"""2021-09-05""",1109822060.253935
"""2021-09-06""",1090723863.2499802
"""2021-09-07""",972496272.9575628
"""2021-09-08""",993943149.3903127
"""2021-09-09""",959935967.5362425
"""2021-09-10""",868372484.9899291
"""2021-09-11""",888154336.0504097
"""2021-09-12""",902242822.943958
"""2021-09-13""",864078132.1520239
"""2021-09-14""",919674541.5565652
"""2021-09-15""",976202587.2971741
"""2021-09-16""",958145761.683858
"""2021-09-17""",910383407.733185
"""2021-09-18""",932325512.6008679
"""2021-09-19""",882318708.960421
"""2021-09-20""",801521772.341196
"""2021-09-21""",747614728.227675
"""2021-09-22""",831607946.2216522
"""2021-09-23""",850390047.9537927
"""2021-09-24""",823362535.0028936
"""2021-09-25""",824703297.5599471
"""2021-09-26""",821068736.9618075
"""2021-09-27""",812313954.9519097
"""2021-09-28""",780643479.4380931
"""2021-09-29""",780045975.765495
"""2021-09-30""",815047493.2443188
"""2021-10-01""",890947943.4838874
"""2021-10-02""",892262113.5230123
"""2021-10-03""",929025212.4853827
"""2021-10-04""",934956656.5583827
"""2021-10-05""",985628396.3961351
"""2021-10-06""",975702027.7200443
"""2021-10-07""",966440080.2910433
"""2021-10-08""",984171568.4285892
"""2021-10-09""",998843884.673949
"""2021-10-10""",965633395.5455698
"""2021-10-11""",962455420.9443791
"""2021-10-12""",944530775.2852337
"""2021-10-13""",955623581.1394904
"""2021-10-14""",976128051.7805895
"""2021-10-15""",981766276.3270645
"""2021-10-16""",982025460.1747229
"""2021-10-17""",938889803.2345376
"""2021-10-18""",970662685.0500848
"""2021-10-19""",1015145032.4481047
"""2021-10-20""",1150876492.5238416
"""2021-10-21""",1260545257.1293473
"""2021-10-22""",1307078016.8868732
"""2021-10-23""",1552796103.8917773
"""2021-10-24""",1517960594.0911963
"""2021-10-25""",1523134291.5483334
"""2021-10-26""",1607121322.211176
"""2021-10-27""",1589216380.4183884
"""2021-10-28""",1607236372.6345806
"""2021-10-29""",1571462870.3102129
"""2021-10-30""",1546790426.0914452
"""2021-10-31""",1550371115.5506134
"""2021-11-01""",1607653935.3286347
"""2021-11-02""",1803316308.4404497
"""2021-11-03""",1708513838.416021
"""2021-11-04""",1749840404.9420462
"""2021-11-05""",1639896949.799824
"""2021-11-06""",1702079848.0776668
"""2021-11-07""",1765558632.19357
"""2021-11-08""",1870769309.3347616
"""2021-11-09""",1897454536.1958804
"""2021-11-10""",1820025350.254034
"""2021-11-11""",1921744834.3404958
"""2021-11-12""",1862613518.9132214
"""2021-11-13""",1798247655.4072793
"""2021-11-14""",1826254471.3654554
"""2021-11-15""",1934599816.300125
"""2021-11-16""",1868664386.7451153
"""2021-11-17""",1857728387.163107
"""2021-11-18""",1656853111.193128
"""2021-11-19""",1747986614.6122248
"""2021-11-20""",1732368722.1452377
"""2021-11-21""",1672983764.0668254
"""2021-11-22""",1517249695.281404
"""2021-11-23""",1531451618.592609
"""2021-11-24""",1525754839.8935044
"""2021-11-25""",1543213691.594262
"""2021-11-26""",1367213639.1841621
"""2021-11-27""",1386494847.3105762
"""2021-11-28""",1412671654.7612462
"""2021-11-29""",1454022605.5982592
"""2021-11-30""",1554356739.4838603
"""2021-12-01""",1547640784.3809998
"""2021-12-02""",1508372814.5503669
"""2021-12-03""",1447434151.6603217
"""2021-12-04""",1308130061.664136
"""2021-12-05""",1284059819.309159
"""2021-12-06""",1292573371.0321665
"""2021-12-07""",1318274322.9960368
"""2021-12-08""",1321508793.5523643
"""2021-12-09""",1250054478.3201225
"""2021-12-10""",1247862376.8380368
"""2021-12-11""",1331112094.358643
"""2021-12-12""",1388361214.3963046
"""2021-12-13""",1277560325.2347224
"""2021-12-14""",1280825409.9397879
"""2021-12-15""",1272129152.1430206
"""2021-12-16""",1288300884.3289056
"""2021-12-17""",1261105227.6241555
"""2021-12-18""",1302714203.8659317
"""2021-12-19""",1260852337.142956
"""2021-12-20""",1264577561.9686701
"""2021-12-21""",1250959391.6079488
"""2021-12-22""",1247411379.5773196
"""2021-12-23""",1346882674.1389048
"""2021-12-24""",1313053868.710918
"""2021-12-25""",1369095185.4062738
"""2021-12-26""",1362249934.226615
"""2021-12-27""",1417775344.7396932
"""2021-12-28""",1298587876.518802
"""2021-12-29""",1306747437.6244678
"""2021-12-30""",1363495586.5124826
"""2021-12-31""",1343702824.1556127
"""2022-01-01""",1471393756.5412352
"""2022-01-02""",1447486329.8072908
"""2022-01-03""",1429318488.286739
"""2022-01-04""",1473114568.6883357
"""2022-01-05""",1343314372.0010133
"""2022-01-06""",1335261595.59434
"""2022-01-07""",1216852611.3172581
"""2022-01-08""",1107944893.865049
"""2022-01-09""",1171186223.9307892
"""2022-01-10""",1140496071.3805816
"""2022-01-11""",1222935682.8867533
"""2022-01-12""",1310671784.2602823
"""2022-01-13""",1257059284.473346
"""2022-01-14""",1282413763.580744
"""2022-01-15""",1268548536.821772
"""2022-01-16""",1317550978.596911
"""2022-01-17""",1268987222.505022
"""2022-01-18""",1291632698.4284115
"""2022-01-19""",1254944703.4128983
"""2022-01-20""",1234094232.6528254
"""2022-01-21""",1064468880.289257
"""2022-01-22""",1002181807.2380241
"""2022-01-23""",1040988274.1215626
"""2022-01-24""",997098988.9273486
"""2022-01-25""",1022807963.2074488
"""2022-01-26""",994722260.4359486
"""2022-01-27""",985557956.543022
"""2022-01-28""",1000923918.0232394
"""2022-01-29""",1016350592.9185784
"""2022-01-30""",1019778202.7275857
"""2022-01-31""",1151127509.8002982
"""2022-02-01""",1152255906.669117
"""2022-02-02""",1099798593.701871
"""2022-02-03""",1153524291.9801276
"""2022-02-04""",1231115005.9569132
"""2022-02-05""",1251206970.0222654
"""2022-02-06""",1230225145.9294126
"""2022-02-07""",1248171924.3069513
"""2022-02-08""",1247233885.7318938
"""2022-02-09""",1276580583.511235
"""2022-02-10""",1223627953.0012832
"""2022-02-11""",1118411366.6631482
"""2022-02-12""",1149193211.9017582
"""2022-02-13""",1135829425.51792
"""2022-02-14""",1163462335.3387191
"""2022-02-15""",1229274802.925529
"""2022-02-16""",1258862795.305449
"""2022-02-17""",1173304326.354499
"""2022-02-18""",1133149988.7199488
"""2022-02-19""",1095148180.22859
"""2022-02-20""",1072184103.2782962
"""2022-02-21""",1055143387.8746862
"""2022-02-22""",1067121507.3882477
"""2022-02-23""",1079498287.1022656
"""2022-02-24""",1071418907.0271953
"""2022-02-25""",1181478590.2197998
"""2022-02-26""",1122641871.6394446
"""2022-02-27""",1071880520.4715708
"""2022-02-28""",1196665741.6230526
"""2022-03-01""",1174621390.4584546
"""2022-03-02""",1146217193.2826018
"""2022-03-03""",1128026702.9791982
"""2022-03-04""",1085640443.1245081
"""2022-03-05""",1120909077.620774
"""2022-03-06""",1094302653.051136
"""2022-03-07""",1079848562.5137916
"""2022-03-08""",1111879203.9184327
"""2022-03-09""",1215496408.8972304
"""2022-03-10""",1176335459.994729
"""2022-03-11""",1147572400.790159
"""2022-03-12""",1162392764.1536376
"""2022-03-13""",1141757636.1847928
"""2022-03-14""",1183842537.5028002
"""2022-03-15""",1177407654.1495829
"""2022-03-16""",1232165437.8902037
"""2022-03-17""",1233504365.580927
"""2022-03-18""",1276172049.0991895
"""2022-03-19""",1253835224.3198311
"""2022-03-20""",1236251067.3977296
"""2022-03-21""",1221557520.2870905
"""2022-03-22""",1234689456.0498018
"""2022-03-23""",1274932915.0791726
"""2022-03-24""",1286280930.3665671
"""2022-03-25""",1293098345.4166636
"""2022-03-26""",1301174269.458129
"""2022-03-27""",1340845822.72743
"""2022-03-28""",1337325338.2990673
"""2022-03-29""",1356931132.710098
"""2022-03-30""",1354947791.781536
"""2022-03-31""",1329504238.7868123
"""2022-04-01""",1387320014.3912888
"""2022-04-02""",1398424408.5767725
"""2022-04-03""",1391886615.2084289
"""2022-04-04""",1430630440.8702257
"""2022-04-05""",1420062366.389179
"""2022-04-06""",1347350994.8924563
"""2022-04-07""",1383863895.9448993
"""2022-04-08""",1321367280.7549045
"""2022-04-09""",1350302284.411167
"""2022-04-10""",1361217572.13068
"""2022-04-11""",1263715334.8329241
"""2022-04-12""",1308723419.7883103
"""2022-04-13""",1356033790.8278766
"""2022-04-14""",1332417978.5432935
"""2022-04-15""",1351005205.4195557
"""2022-04-16""",1326925261.5253527
"""2022-04-17""",1317701535.454693
"""2022-04-18""",1323763241.814184
"""2022-04-19""",1341236180.6868541
"""2022-04-20""",1303116690.071683
"""2022-04-21""",1291394840.6321518
"""2022-04-22""",1295780934.5729969
"""2022-04-23""",1294404720.2031212
"""2022-04-24""",1280498650.333442
"""2022-04-25""",1254667628.8246067
"""2022-04-26""",1160768324.3989754
"""2022-04-27""",1216619053.249045
"""2022-04-28""",1232668007.1371744
"""2022-04-29""",1281664116.3854847
"""2022-04-30""",1313363667.0431209
"""2022-05-01""",1269936505.7163796
"""2022-05-02""",1240351257.723967
"""2022-05-03""",1138675943.6470025
"""2022-05-04""",1226746221.2931118
"""2022-05-05""",1131931444.7862134
"""2022-05-06""",1056752139.3208244
"""2022-05-07""",1060067000.8213322
"""2022-05-08""",1040955844.7561327
"""2022-05-09""",962264863.3816533
"""2022-05-10""",972649112.1549978
"""2022-05-11""",776168028.7355713
"""2022-05-12""",696664138.9630735
"""2022-05-13""",732099577.4434958
"""2022-05-14""",755041305.4980493
"""2022-05-15""",783117556.2081045
"""2022-05-16""",766608011.5384114
"""2022-05-17""",781680421.0328209
"""2022-05-18""",731200078.8493078
"""2022-05-19""",764145127.9447311
"""2022-05-20""",735012674.4047606
"""2022-05-21""",738148246.4522904
"""2022-05-22""",756040195.3186004
"""2022-05-23""",721911282.4705503
"""2022-05-24""",715509251.1035255
"""2022-05-25""",719131581.7925946
"""2022-05-26""",688367584.6472515
"""2022-05-27""",662877713.0822392
"""2022-05-28""",694178927.6791959
"""2022-05-29""",700137074.0197331
"""2022-05-30""",735166579.8920379
"""2022-05-31""",725248372.900533
"""2022-06-01""",683010431.9312557
"""2022-06-02""",704820069.7599171
"""2022-06-03""",667425187.6316313
"""2022-06-04""",678657323.3132383
"""2022-06-05""",676110013.4695919
"""2022-06-06""",694795673.7521707
"""2022-06-07""",690693962.5393333
"""2022-06-08""",675963520.3332615
"""2022-06-09""",680450438.8389082
"""2022-06-10""",655572440.8063612
"""2022-06-11""",607707546.8364327
"""2022-06-12""",538252416.4674293
"""2022-06-13""",424544627.7642013
"""2022-06-14""",417767854.60687745
"""2022-06-15""",437866032.2540916
"""2022-06-16""",371086229.70213187
"""2022-06-17""",363233028.8763112
"""2022-06-18""",343561654.4446521
"""2022-06-19""",383050923.0897088
"""2022-06-20""",381385474.5933108
"""2022-06-21""",391104907.54694074
"""2022-06-22""",362301458.77149445
"""2022-06-23""",386958685.5187831
"""2022-06-24""",385180806.4077713
"""2022-06-25""",409541055.8418108
"""2022-06-26""",374341450.94756925
"""2022-06-27""",375868791.89237535
"""2022-06-28""",346579005.9524309
"""2022-06-29""",339946312.3342363
"""2022-06-30""",320991806.19334966
"""2022-07-01""",316871267.28378516
"""2022-07-02""",319392741.9981209
"""2022-07-03""",325943043.08665437
"""2022-07-04""",340110241.5791673
"""2022-07-05""",336141400.5969877
"""2022-07-06""",356319408.67417926
"""2022-07-07""",375945227.9443742
"""2022-07-08""",366336611.8242786
"""2022-07-09""",369392502.43558717
"""2022-07-10""",347543016.74650216
"""2022-07-11""",337942446.2401974
"""2022-07-12""",324759415.97494656
"""2022-07-13""",337497901.44334596
"""2022-07-14""",341358468.45651186
"""2022-07-15""",324551847.3412388
"""2022-07-16""",332173841.4107747
"""2022-07-17""",336536881.27057296
"""2022-07-18""",366332677.6689343
"""2022-07-19""",420815262.0325712
"""2022-07-20""",384936080.46213216
"""2022-07-21""",396190957.0884051
"""2022-07-22""",393865030.4728997
"""2022-07-23""",384702898.2334718
"""2022-07-24""",389076406.3054239
"""2022-07-25""",383388678.26363236
"""2022-07-26""",362035176.9548821
"""2022-07-27""",394938092.30213624
"""2022-07-28""",403778748.95243204
"""2022-07-29""",403710968.1192248
"""2022-07-30""",406820893.1051038
"""2022-07-31""",399178199.43467194
"""2022-08-01""",407855521.44226754
"""2022-08-02""",414869445.3160302
"""2022-08-03""",418794548.69701207
"""2022-08-04""",412046179.41470623
"""2022-08-05""",422007765.10594094
"""2022-08-06""",418177158.2169254
"""2022-08-07""",420092167.819449
"""2022-08-08""",435232965.1924538
"""2022-08-09""",453995905.910114
"""2022-08-10""",493031577.9741194
"""2022-08-11""",509005517.7355483
"""2022-08-12""",528690054.7532488
"""2022-08-13""",573940812.6112174
"""2022-08-14""",564962236.2941743
"""2022-08-15""",554531840.4809592
"""2022-08-16""",536453814.5792546
"""2022-08-17""",520348069.04039
"""2022-08-18""",516624663.11183494
"""2022-08-19""",465610196.9396522
"""2022-08-20""",485580418.9105212
"""2022-08-21""",515403516.112794
"""2022-08-22""",501937313.98531365
"""2022-08-23""",543958539.3782991
"""2022-08-24""",536576649.6806453
"""2022-08-25""",557986904.0908444
"""2022-08-26""",519235308.801609
"""2022-08-27""",524461560.2337758
"""2022-08-28""",516619570.5365471
"""2022-08-29""",551743045.3813919
"""2022-08-30""",572322862.8206606
"""2022-08-31""",604802649.7975904
"""2022-09-01""",590750415.2947042
"""2022-09-02""",605319845.8671079
"""2022-09-03""",579558889.4633604
"""2022-09-04""",583547774.0095345
"""2022-09-05""",583892610.9207467
"""2022-09-06""",508597139.98488826
"""2022-09-07""",504735293.00731814
"""2022-09-08""",501470745.9520994
"""2022-09-09""",538478747.7545893
"""2022-09-10""",545804362.539774
"""2022-09-11""",544489161.6497389
"""2022-09-12""",541670357.4667212
"""2022-09-13""",510988513.5179959
"""2022-09-14""",513478431.24022275
"""2022-09-15""",495164519.91030025
"""2022-09-16""",500189021.72177607
"""2022-09-17""",520702810.6467499
"""2022-09-18""",491976144.5803511
"""2022-09-19""",506448342.38547814
"""2022-09-20""",491309530.9409227
"""2022-09-21""",487018679.444844
"""2022-09-22""",530010072.75039524
"""2022-09-23""",545088746.1726472
"""2022-09-24""",520606691.02232504
"""2022-09-25""",514431422.11854315
"""2022-09-26""",515436482.3154423
"""2022-09-27""",516703986.15374607
"""2022-09-28""",514509955.8970853
"""2022-09-29""",516834476.6271605
"""2022-09-30""",515743303.2978852
"""2022-10-01""",514159989.478634
"""2022-10-02""",485863357.68978006
"""2022-10-03""",491108417.2776898
"""2022-10-04""",505656959.69562733
"""2022-10-05""",501241805.4671698
"""2022-10-06""",503311743.61398447
"""2022-10-07""",488977753.1701472
"""2022-10-08""",487811771.7854026
"""2022-10-09""",492841971.51595885
"""2022-10-10""",472499022.5859253
"""2022-10-11""",466138687.2554362
"""2022-10-12""",466264691.9298164
"""2022-10-13""",474265112.1377212
"""2022-10-14""",484821371.31081593
"""2022-10-15""",480445979.7641652
"""2022-10-16""",489972333.1499561
"""2022-10-17""",494312482.23523104
"""2022-10-18""",496852289.67780095
"""2022-10-19""",488557473.326079
"""2022-10-20""",501181243.58811355
"""2022-10-21""",503171078.4232287
"""2022-10-22""",516003130.0072123
"""2022-10-23""",522989962.5718207
"""2022-10-24""",525998738.15632993
"""2022-10-25""",534905611.06644773
"""2022-10-26""",557440112.0676666
"""2022-10-27""",561298473.0568784
"""2022-10-28""",564439058.2422218
"""2022-10-29""",579626523.2970058
"""2022-10-30""",566647345.718376
"""2022-10-31""",559875744.7107912
"""2022-11-01""",569736105.8601029
"""2022-11-02""",536164603.638359
"""2022-11-03""",536234058.39137995
"""2022-11-04""",575808204.9901899
"""2022-11-05""",566458320.4409328
"""2022-11-06""",557944203.5232338
"""2022-11-07""",559263704.2776724
"""2022-11-08""",503176892.21433264
"""2022-11-09""",403816721.6300323
"""2022-11-10""",465735043.16303915
"""2022-11-11""",390724169.9255689
"""2022-11-12""",402656974.44237006
"""2022-11-13""",381138548.068778
"""2022-11-14""",400062251.7478846
"""2022-11-15""",400266873.16919327
"""2022-11-16""",382341132.7232605
"""2022-11-17""",393142280.6269083
"""2022-11-18""",389393700.7560502
"""2022-11-19""",399057709.0551718
"""2022-11-20""",379962774.87415916
"""2022-11-21""",372298343.9246832
"""2022-11-22""",383552751.7018174
"""2022-11-23""",389518384.96780497
"""2022-11-24""",387475552.025455
"""2022-11-25""",396694550.0354605
"""2022-11-26""",399625365.45996296
"""2022-11-27""",387210080.06658727
"""2022-11-28""",370182606.6658523
"""2022-11-29""",361705913.1600052
"""2022-11-30""",363485733.6499726
"""2022-12-01""",360575755.21059614
"""2022-12-02""",362043761.6168656
"""2022-12-03""",377676661.4438599
"""2022-12-04""",386721435.0165625
"""2022-12-05""",369389597.84712964
"""2022-12-06""",365621559.558079
"""2022-12-07""",370121696.50624746
"""2022-12-08""",376052877.8204987
"""2022-12-09""",374964319.4110702
"""2022-12-10""",374194731.6970959
"""2022-12-11""",372504444.3099019
"""2022-12-12""",364285435.9648862
"""2022-12-13""",367302674.71722466
"""2022-12-14""",369627915.03894067
"""2022-12-15""",363666784.60682523
"""2022-12-16""",344504932.4504594
"""2022-12-17""",359705998.79508084
"""2022-12-18""",358156337.27724856
"""2022-12-19""",353026784.13822514
"""2022-12-20""",365463201.2793766
"""2022-12-21""",365289514.5123595
"""2022-12-22""",365145963.1557734
"""2022-12-23""",361895793.3135378
"""2022-12-24""",367803803.0904628
"""2022-12-25""",365140011.70278347
"""2022-12-26""",363358309.85848135
"""2022-12-27""",361350059.07257235
"""2022-12-28""",353759025.1798666
"""2022-12-29""",353849850.54459184
"""2022-12-30""",348161336.0056214
"""2022-12-31""",367798713.03196514
"""2023-01-01""",377174504.297381
"""2023-01-02""",377023839.144134
"""2023-01-03""",385410888.42472684
"""2023-01-04""",413283909.43342954
"""2023-01-05""",395065556.9052825
"""2023-01-06""",406435894.3066008
"""2023-01-07""",400192110.748719
"""2023-01-08""",401705391.1456079
"""2023-01-09""",405668865.3858087
"""2023-01-10""",410150728.7726336
"""2023-01-11""",412143446.5440433
"""2023-01-12""",400592103.8777202
"""2023-01-13""",406810539.0352813
"""2023-01-14""",409648673.3707572
"""2023-01-15""",410736450.9050642
"""2023-01-16""",406611204.1660449
"""2023-01-17""",414182382.37037694
"""2023-01-18""",403855718.5505388
"""2023-01-19""",444907268.08915937
"""2023-01-20""",459067616.8901784
"""2023-01-21""",457941109.3955765
"""2023-01-22""",468333967.0099806
"""2023-01-23""",465409279.5511662
"""2023-01-24""",447839628.96392703
"""2023-01-25""",471115309.43362194
"""2023-01-26""",472194021.02514637
"""2023-01-27""",473014699.7361576
"""2023-01-28""",467990725.09759706
"""2023-01-29""",477162580.42396176
"""2023-01-30""",459018135.73752713
"""2023-01-31""",459112079.2305146
"""2023-02-01""",461394138.9968782
"""2023-02-02""",452727562.41185355
"""2023-02-03""",454525621.0192625
"""2023-02-04""",444173925.26187795
"""2023-02-05""",428253397.4609095
"""2023-02-06""",422791561.75221443
"""2023-02-07""",433009337.3012055
"""2023-02-08""",418786795.366958
"""2023-02-09""",405019760.895412
"""2023-02-10""",403542529.7503167
"""2023-02-11""",401799697.9716508
"""2023-02-12""",396489427.87384903
"""2023-02-13""",401750984.7823874
"""2023-02-14""",408934894.6366741
"""2023-02-15""",414006496.67700213
"""2023-02-16""",405719998.0334288
"""2023-02-17""",421333709.3969716
"""2023-02-18""",420542220.31432945
"""2023-02-19""",408479121.63640976
"""2023-02-20""",414519973.6650923
"""2023-02-21""",408575434.90624696
"""2023-02-22""",416064753.2806463
"""2023-02-23""",417407510.81400996
"""2023-02-24""",402096019.5999786
"""2023-02-25""",395450153.69554174
"""2023-02-26""",402320092.8521415
"""2023-02-27""",396123037.88510734
"""2023-02-28""",386449172.1441871
"""2023-03-01""",394924097.12571836
"""2023-03-02""",381103474.3553053
"""2023-03-03""",360562938.9458398
"""2023-03-04""",367242914.6676336
"""2023-03-05""",360617918.82412755
"""2023-03-06""",362240694.9067161
"""2023-03-07""",356922726.64208406
"""2023-03-08""",344161406.9166908
"""2023-03-09""",333114007.8486752
"""2023-03-10""",334560405.8259237
"""2023-03-11""",328486234.7141235
"""2023-03-12""",342034545.1102932
"""2023-03-13""",354445374.05531335
"""2023-03-14""",360856001.78532016
"""2023-03-15""",347291478.3845136
"""2023-03-16""",350983893.68935657
"""2023-03-17""",371295840.24565876
"""2023-03-18""",359935605.24575853
"""2023-03-19""",362076616.0785209
"""2023-03-20""",391437931.7922949
"""2023-03-21""",386533866.0503396
"""2023-03-22""",376927878.60009974
"""2023-03-23""",401196279.9906556
"""2023-03-24""",403550234.19181776
"""2023-03-25""",417703401.2906485
"""2023-03-26""",423946399.35746765
"""2023-03-27""",406846739.3445795
"""2023-03-28""",406769321.33493805
"""2023-03-29""",420805580.7030717
"""2023-03-30""",406895971.0281798
"""2023-03-31""",402035333.28115404
"""2023-04-01""",376406461.39137137
"""2023-04-02""",361318448.06852305
"""2023-04-03""",376072085.515605
"""2023-04-04""",373727401.85532737
"""2023-04-05""",375827977.45108014
"""2023-04-06""",375684783.8269009
"""2023-04-07""",373390303.77599585
"""2023-04-08""",368343124.0138845
"""2023-04-09""",375379397.99397683
"""2023-04-10""",379257101.0349684
"""2023-04-11""",379411898.03390473
"""2023-04-12""",388869443.1961486
"""2023-04-13""",390565365.59895414
"""2023-04-14""",396320172.91234624
"""2023-04-15""",387125448.76171476
"""2023-04-16""",399919140.8470446
"""2023-04-17""",398967827.4113691
"""2023-04-18""",406011298.2455385
"""2023-04-19""",384387979.9633688
"""2023-04-20""",380032782.09715384
"""2023-04-21""",373209917.88586676
"""2023-04-22""",380225013.21717614
"""2023-04-23""",372857106.82111037
"""2023-04-24""",375003663.72102475
"""2023-04-25""",377569896.0990391
"""2023-04-26""",397091957.7154974
"""2023-04-27""",398954449.8079675
"""2023-04-28""",395894163.64874005
"""2023-04-29""",398229071.0062039
"""2023-04-30""",400073094.59353846
"""2023-05-01""",382187797.316559
"""2023-05-02""",383221808.30814147
"""2023-05-03""",388542018.1714803
"""2023-05-04""",391294353.3673988
"""2023-05-05""",398304329.61476994
"""2023-05-06""",395340205.9697169
"""2023-05-07""",391091499.8444346
"""2023-05-08""",378228580.577348
"""2023-05-09""",383112606.2662474
"""2023-05-10""",382292429.323098
"""2023-05-11""",373844553.8727894
"""2023-05-12""",380864769.8082517
"""2023-05-13""",375195366.5136666
"""2023-05-14""",372874875.54337674
"""2023-05-15""",373991934.19672024
"""2023-05-16""",374262166.61063725
"""2023-05-17""",381586804.85621685
"""2023-05-18""",386034407.1702657
"""2023-05-19""",381905928.23651266
"""2023-05-20""",385194760.63476694
"""2023-05-21""",378199547.74806774
"""2023-05-22""",380645070.27799606
"""2023-05-23""",383464040.05098444
"""2023-05-24""",375444623.0284703
"""2023-05-25""",373586621.57238674
"""2023-05-26""",380212728.9342937
"""2023-05-27""",373279911.3763788
"""2023-05-28""",379629771.5602832
"""2023-05-29""",385969126.80560565
"""2023-05-30""",387731467.9482349
"""2023-05-31""",381072899.20075434
"""2023-06-01""",376597811.89114743
"""2023-06-02""",375546735.70029694
"""2023-06-03""",369222366.24272627
"""2023-06-04""",370027121.02112883
"""2023-06-05""",357639688.80228144
"""2023-06-06""",371281906.2425068
"""2023-06-07""",360818432.10871935
"""2023-06-08""",353476944.5031137
"""2023-06-09""",350736610.54999495
"""2023-06-10""",347089818.9943091
"""2023-06-11""",347536718.74514556
"""2023-06-12""",346620394.35511374
"""2023-06-13""",347950567.1453377
"""2023-06-14""",337684964.63128996
"""2023-06-15""",337898630.2138868
"""2023-06-16""",338705415.53889066
"""2023-06-17""",339655117.93440795
"""2023-06-18""",338672051.9635745
"""2023-06-19""",339655255.9133609
"""2023-06-20""",347551528.86643827
"""2023-06-21""",361609075.0345871
"""2023-06-22""",356943295.6267476
"""2023-06-23""",363452040.8916571
"""2023-06-24""",361450832.4884654
"""2023-06-25""",360264371.43554604
"""2023-06-26""",355595515.2025156
"""2023-06-27""",359515347.3164216
"""2023-06-28""",350035062.63641703
"""2023-06-29""",358382408.5745233
"""2023-06-30""",360886310.73857945
"""2023-07-01""",360002504.57434565
"""2023-07-02""",355357626.4988977
"""2023-07-03""",355652348.64591485
"""2023-07-04""",358332689.1728655
"""2023-07-05""",354786088.248941
"""2023-07-06""",349916280.4137703
"""2023-07-07""",347708240.1765112
"""2023-07-08""",347144771.66491187
"""2023-07-09""",344646589.24504226
"""2023-07-10""",346158749.45550007
"""2023-07-11""",346178707.35380214
"""2023-07-12""",351908479.95077044
"""2023-07-13""",360463735.3356539
"""2023-07-14""",349818505.54582053
"""2023-07-15""",348246339.1696508
"""2023-07-16""",346969456.40836465
"""2023-07-17""",347345894.30996966
"""2023-07-18""",352686290.7484171
"""2023-07-19""",350478747.9895626
"""2023-07-20""",355008544.9970054
"""2023-07-21""",357538401.1199221
"""2023-07-22""",357769652.03418165
"""2023-07-23""",360659986.1812682
"""2023-07-24""",350566236.5268003
"""2023-07-25""",350117551.32941204
"""2023-07-26""",351919583.3353706
"""2023-07-27""",362994790.3122732
"""2023-07-28""",366918467.616866
"""2023-07-29""",368125532.2633366
"""2023-07-30""",368050425.9913661
"""2023-07-31""",368039914.98563045
"""2023-08-01""",372473505.2290309
"""2023-08-02""",360574945.8158781
"""2023-08-03""",360730125.2008107
"""2023-08-04""",360642206.17421144
"""2023-08-05""",360221962.9584302
"""2023-08-06""",361019227.6015994
"""2023-08-07""",355570122.2694249
"""2023-08-08""",363753491.4855081
"""2023-08-09""",364654041.67707396
"""2023-08-10""",363101211.2796933
"""2023-08-11""",359222209.0516257
"""2023-08-12""",353733565.02417034
"""2023-08-13""",353643281.22728044
"""2023-08-14""",353863569.56499827
"""2023-08-15""",351999666.93878764
"""2023-08-16""",356511476.71532243
"""2023-08-17""",335455165.1497334
"""2023-08-18""",329736226.8454639
"""2023-08-19""",329985528.6878791
"""2023-08-20""",329338730.270607
"""2023-08-21""",331193808.2822185
"""2023-08-22""",328403387.3283278
"""2023-08-23""",334184723.1777362
"""2023-08-24""",331837022.80970174
"""2023-08-25""",332215477.6230346
"""2023-08-26""",329218464.4053023
"""2023-08-27""",331545514.1167407
"""2023-08-28""",328610170.298626
"""2023-08-29""",341545819.77442896
"""2023-08-30""",335131564.2227104
"""2023-08-31""",324990106.7460724
"""2023-09-01""",321902520.6898525
"""2023-09-02""",326278369.3449735
"""2023-09-03""",328586016.00178313
"""2023-09-04""",326577308.8250086
"""2023-09-05""",326811754.2785248
"""2023-09-06""",327618741.9743471
"""2023-09-07""",328926660.25451756
"""2023-09-08""",327790473.381953
"""2023-09-09""",325755082.27951705
"""2023-09-10""",320352346.52093
"""2023-09-11""",311459057.8346841
"""2023-09-12""",314011322.6964019
"""2023-09-13""",315578127.1188718
"""2023-09-14""",307377341.8526682
"""2023-09-15""",313955595.58920884
"""2023-09-16""",319497487.78945976
"""2023-09-17""",317619207.6440356
"""2023-09-18""",315528081.36295
"""2023-09-19""",314660441.00581753
"""2023-09-20""",325305997.91565776
"""2023-09-21""",318028652.01469934
"""2023-09-22""",319148000.0705961
"""2023-09-23""",314431412.7161719
"""2023-09-24""",310736320.4016076
"""2023-09-25""",308464663.63990515
"""2023-09-26""",308147487.6161596
"""2023-09-27""",306025524.36199194
"""2023-09-28""",311544058.42550844
"""2023-09-29""",310648205.0991701
"""2023-09-30""",312803388.00392103
"""2023-10-01""",316610232.5387298
"""2023-10-02""",313379025.6734564
"""2023-10-03""",309048584.4310136
"""2023-10-04""",310966108.0576793
"""2023-10-05""",309057067.8000256
"""2023-10-06""",311088102.0711647
"""2023-10-07""",308922319.1683471
"""2023-10-08""",307629634.9329008
"""2023-10-09""",300335713.18296325
"""2023-10-10""",301826184.1729204
"""2023-10-11""",296186357.50208205
"""2023-10-12""",295723538.3673613
"""2023-10-13""",294642687.4303992
"""2023-10-14""",294855559.74365747
"""2023-10-15""",292823042.04528946
"""2023-10-16""",303837751.339176
"""2023-10-17""",296162092.5602742
"""2023-10-18""",298452469.98575175
"""2023-10-19""",300720802.7146122
"""2023-10-20""",314191277.4530395
"""2023-10-21""",314291313.9175244
"""2023-10-22""",313714043.8527574
"""2023-10-23""",337076988.45222044
"""2023-10-24""",343289295.0420437
"""2023-10-25""",349797650.3392293
"""2023-10-26""",345764331.0050835
"""2023-10-27""",345272532.04122794
"""2023-10-28""",346576271.27774507
"""2023-10-29""",352366199.5498859
"""2023-10-30""",356246906.56168616
"""2023-10-31""",357355225.3946504
"""2023-11-01""",366190980.49548805
"""2023-11-02""",365217991.7976442
"""2023-11-03""",380604364.1489325
"""2023-11-04""",382759362.900889
"""2023-11-05""",390533763.0775548
"""2023-11-06""",393875443.752034
"""2023-11-07""",389847337.6847209
"""2023-11-08""",386129262.1993309
"""2023-11-09""",418344847.90626276
"""2023-11-10""",416304054.49724084
"""2023-11-11""",406750022.33846617
"""2023-11-12""",410249788.4263783
"""2023-11-13""",417101616.4078827
"""2023-11-14""",403670904.2639268
"""2023-11-15""",424962659.6489958
"""2023-11-16""",406979918.62026936
"""2023-11-17""",406639495.2318536
"""2023-11-18""",404910583.68238676
"""2023-11-19""",412547921.0025825
"""2023-11-20""",421258862.9498006
"""2023-11-21""",405394844.1909809
"""2023-11-22""",419028230.82380676
"""2023-11-23""",420024602.40925986
"""2023-11-24""",427174233.8393924
"""2023-11-25""",430972296.1776132
"""2023-11-26""",423058959.3696744
"""2023-11-27""",418862348.3056505
"""2023-11-28""",421416991.64748675
"""2023-11-29""",416308121.0619247
"""2023-11-30""",421811181.43360466
"""2023-12-01""",435964031.5298072
"""2023-12-02""",439450636.26468617
"""2023-12-03""",445485156.3088185
"""2023-12-04""",464189434.9495693
"""2023-12-05""",467736317.860987
"""2023-12-06""",468242065.329439
"""2023-12-07""",483452122.6655494
"""2023-12-08""",491565036.75014186
"""2023-12-09""",486510168.0596921
"""2023-12-10""",485700765.99300474
"""2023-12-11""",467512332.0842241
"""2023-12-12""",464596261.93387836
"""2023-12-13""",483302177.85486495
"""2023-12-14""",487372274.5398346
"""2023-12-15""",470039763.66266084
"""2023-12-16""",471329540.98900664
"""2023-12-17""",461443526.37837964
"""2023-12-18""",465747397.50785065
"""2023-12-19""",465632675.0471677
"""2023-12-20""",471850809.0312839
"""2023-12-21""",483921925.6727836
"""2023-12-22""",505166790.09688216
"""2023-12-23""",505066367.0775512
"""2023-12-24""",503860196.73689646
"""2023-12-25""",508094996.73006624
"""2023-12-26""",495777459.1193711
"""2023-12-27""",504584476.38130075
"""2023-12-28""",493682360.9810745
"""2023-12-29""",481219137.260928
"""2023-12-30""",484197580.90522933
"""2023-12-31""",475702642.46269673
"""2024-01-01""",491372765.14500546
"""2024-01-02""",503320115.0870655
"""2024-01-03""",493094318.8166105
"""2024-01-04""",520697275.99189806
"""2024-01-05""",521151894.45096123
"""2024-01-06""",504159583.3844369
"""2024-01-07""",502070430.3041708
"""2024-01-08""",534708215.9742669
"""2024-01-09""",526088629.7959314
"""2024-01-10""",542412980.8776938
"""2024-01-11""",539736696.891334
"""2024-01-12""",500593238.43767613
"""2024-01-13""",501520389.42128694
"""2024-01-14""",494934060.9273931
"""2024-01-15""",497153816.83772546
"""2024-01-16""",504133166.46534425
"""2024-01-17""",493938714.71191853
"""2024-01-18""",476185280.46643144
"""2024-01-19""",485266329.60826844
"""2024-01-20""",482854057.7458982
"""2024-01-21""",477828726.21458447
"""2024-01-22""",451542318.57734
"""2024-01-23""",439467025.89797145
"""2024-01-24""",454527043.4210373
"""2024-01-25""",456001406.7032104
"""2024-01-26""",477507350.0870525
"""2024-01-27""",485782329.8543113
"""2024-01-28""",482050464.3253256
"""2024-01-29""",497447798.91726637
"""2024-01-30""",498721696.6810175
"""2024-01-31""",487598378.8617221
"""2024-02-01""",496135785.2868827
"""2024-02-02""",494120459.13156104
"""2024-02-03""",492625548.9072033
"""2024-02-04""",487651223.0349271
"""2024-02-05""",485830973.88834685
"""2024-02-06""",493892107.66013867
"""2024-02-07""",514171778.51071846
"""2024-02-08""",516191713.7036375
"""2024-02-09""",532944084.864138
"""2024-02-10""",529390163.8079381
"""2024-02-11""",531763791.8374737
"""2024-02-12""",559553195.8398373
"""2024-02-13""",564900372.8573164
"""2024-02-14""",582541538.1020224
"""2024-02-15""",589535009.8129325
"""2024-02-16""",603186852.006919
"""2024-02-17""",610252350.4296654
"""2024-02-18""",651269199.3669833
"""2024-02-19""",652100872.787385
"""2024-02-20""",648086681.5553359
"""2024-02-21""",633084875.3011372
"""2024-02-22""",643985217.8632226
"""2024-02-23""",634984935.0693748
"""2024-02-24""",639623007.9976007
"""2024-02-25""",646453498.3454255
"""2024-02-26""",677083762.3316414
"""2024-02-27""",684518842.0037149
"""2024-02-28""",736758607.4147221
"""2024-02-29""",770184113.6606889
"""2024-03-01""",788774449.6755302
"""2024-03-02""",778796127.0703396
"""2024-03-03""",776642925.5652306
"""2024-03-04""",832319021.0886186
"""2024-03-05""",758206746.6394867
"""2024-03-06""",800289545.6988221
"""2024-03-07""",800298244.8574513
"""2024-03-08""",806846352.310546
"""2024-03-09""",804460036.705626
"""2024-03-10""",795245053.4798796
"""2024-03-11""",826655654.2117631
"""2024-03-12""",838209874.3487327
"""2024-03-13""",866470684.2230916
"""2024-03-14""",828748008.1009276
"""2024-03-15""",812184635.4579703
"""2024-03-16""",757320798.2131506
"""2024-03-17""",789353912.1672132
"""2024-03-18""",741608666.9555179
"""2024-03-19""",673982734.1235507
"""2024-03-20""",756116100.70225
"""2024-03-21""",745374982.4069626
"""2024-03-22""",723539906.1402214
"""2024-03-23""",747682726.3994858
"""2024-03-24""",777710947.4732425
"""2024-03-25""",769817213.2567421
"""2024-03-26""",777044646.8391057
"""2024-03-27""",733915051.3456113
"""2024-03-28""",754422435.4783983
"""2024-03-29""",737092311.138583
"""2024-03-30""",731037528.0656909
"""2024-03-31""",755698079.644754
"""2024-04-01""",734714827.7700615
"""2024-04-02""",712396898.0350131
"""2024-04-03""",739577091.9395865
"""2024-04-04""",749432485.8676493
"""2024-04-05""",738985052.7399981
"""2024-04-06""",748559166.166589
"""2024-04-07""",768970084.4053606
"""2024-04-08""",793497105.827736
"""2024-04-09""",774970278.0773767
"""2024-04-10""",804583696.6573316
"""2024-04-11""",798886716.9679061
"""2024-04-12""",735580459.6640184
"""2024-04-13""",707817953.8869966
"""2024-04-14""",731524791.8569894
"""2024-04-15""",711320139.4309666
"""2024-04-16""",706404206.0958062
"""2024-04-17""",673773118.5025659
"""2024-04-18""",674869165.0491924
"""2024-04-19""",674855262.2823564
"""2024-04-20""",718079015.9251413
"""2024-04-21""",706678477.0100882
"""2024-04-22""",709878962.6425107
"""2024-04-23""",708546631.5431052
"""2024-04-24""",693263198.2333895
"""2024-04-25""",692652637.1424991
"""2024-04-26""",688736320.2998606
"""2024-04-27""",698953320.5215075
"""2024-04-28""",696291348.4403275
"""2024-04-29""",700516028.4270796
"""2024-04-30""",666213144.8176936
"""2024-05-01""",671189157.0604324
"""2024-05-02""",694977781.876795
"""2024-05-03""",725843647.862876
"""2024-05-04""",725118954.2181604
"""2024-05-05""",727287742.4034728
"""2024-05-06""",716066250.5838612
"""2024-05-07""",708956841.6299688
"""2024-05-08""",690199692.3284925
"""2024-05-09""",712234872.4535553
"""2024-05-10""",686721146.7020804
"""2024-05-11""",688726831.0672354
"""2024-05-12""",687912902.4822357
"""2024-05-13""",688820260.8321531
"""2024-05-14""",673606184.6993705
"""2024-05-15""",712875557.7821271
"""2024-05-16""",703044775.8010956
"""2024-05-17""",737216436.0103259
"""2024-05-18""",740914520.2061491
"""2024-05-19""",728537796.3246783
"""2024-05-20""",807822365.543805
"""2024-05-21""",806704223.6642578
"""2024-05-22""",792782934.5912902
"""2024-05-23""",787422199.585495
"""2024-05-24""",784601197.551388
"""2024-05-25""",785322194.5257046
"""2024-05-26""",802600763.134121
"""2024-05-27""",809278572.2120496
"""2024-05-28""",812453645.3396397
"""2024-05-29""",808757143.0081247
"""2024-05-30""",812849637.2638767
"""2024-05-31""",809145898.426902
"""2024-06-01""",794678754.4807653
"""2024-06-02""",785101313.242397
"""2024-06-03""",799617061.4085835
"""2024-06-04""",814318205.2631049
"""2024-06-05""",828109439.5628346
"""2024-06-06""",827598287.1298567
"""2024-06-07""",813043802.714505
"""2024-06-08""",797635193.5109518
"""2024-06-09""",805392563.634508
"""2024-06-10""",819158104.3961731
"""2024-06-11""",778902919.2955267
"""2024-06-12""",771256465.0918167
"""2024-06-13""",760290017.8957472
"""2024-06-14""",746002144.5063186
"""2024-06-15""",751083636.6240748
"""2024-06-16""",754312676.8419361
"""2024-06-17""",734412645.8760097
"""2024-06-18""",698146785.1919059
"""2024-06-19""",715757931.8902858
"""2024-06-20""",689852964.6014402
"""2024-06-21""",699272053.8161663
"""2024-06-22""",685359688.3127147
"""2024-06-23""",670653043.5180938
"""2024-06-24""",655767319.4091533
"""2024-06-25""",649283930.8726593
"""2024-06-26""",651349305.5697418
"""2024-06-27""",667522622.0789002
"""2024-06-28""",654377174.1568476
"""2024-06-29""",655759266.7332661
"""2024-06-30""",673729161.5834328
"""2024-07-01""",675356197.0319034
"""2024-07-02""",670838307.8423882
"""2024-07-03""",648953085.9181654
"""2024-07-04""",592206915.1339501
"""2024-07-05""",576079789.5539526
"""2024-07-06""",602938330.8099809
"""2024-07-07""",574595554.5972204
"""2024-07-08""",589425534.8895266
"""2024-07-09""",599434997.5786972
"""2024-07-10""",601177405.1397688
"""2024-07-11""",608402536.1765932
"""2024-07-12""",616124672.2246108
"""2024-07-13""",639370247.6585577
"""2024-07-14""",660106389.5165825
"""2024-07-15""",710261619.0291618
"""2024-07-16""",714222081.4986778
"""2024-07-17""",704551586.7617438
"""2024-07-18""",704556907.0190277
"""2024-07-19""",704194953.2396815
"""2024-07-20""",701945222.7723929
"""2024-07-21""",707689129.7535545
"""2024-07-22""",682172433.2345308
"""2024-07-23""",682723812.2831967
"""2024-07-24""",665667006.9925976
"""2024-07-25""",654620457.9471759
"""2024-07-26""",675391963.387719
"""2024-07-27""",665368875.5399398
"""2024-07-28""",670065811.176859
"""2024-07-29""",670670129.9789467
"""2024-07-30""",660674885.2293545
"""2024-07-31""",649900494.7086362
"""2024-08-01""",643894237.209359
"""2024-08-02""",603113131.9520317
"""2024-08-03""",592873206.8261299
"""2024-08-04""",558090114.3923175
"""2024-08-05""",540759639.1718711
"""2024-08-06""",567554346.1017547
"""2024-08-07""",544910592.5774022
"""2024-08-08""",622628116.3948728
"""2024-08-09""",598956345.0772442
"""2024-08-10""",600899247.1447977
"""2024-08-11""",584202169.8930091
"""2024-08-12""",615554396.6987836
"""2024-08-13""",604166580.879911
"""2024-08-14""",598593946.3954974
"""2024-08-15""",583232672.4185146
"""2024-08-16""",584143982.9207525
"""2024-08-17""",586576556.24086
"""2024-08-18""",586782682.7043769
"""2024-08-19""",576851344.5993081
"""2024-08-20""",570181497.6372519
"""2024-08-21""",576280208.8501654
"""2024-08-22""",570880297.6442462
"""2024-08-23""",600051235.675997
"""2024-08-24""",600078201.4017587
"""2024-08-25""",601306078.9635975
"""2024-08-26""",578134473.7488506
"""2024-08-27""",550537933.5602641
"""2024-08-28""",557407621.6415533
"""2024-08-29""",558214371.655888
"""2024-08-30""",560598207.1636372
"""2024-08-31""",559077995.0120124
"""2024-09-01""",545368094.5577885
"""2024-09-02""",565192307.5384369
"""2024-09-03""",547651559.7724016
"""2024-09-04""",555158217.7850477
"""2024-09-05""",540084218.5064216
"""2024-09-06""",510771506.2011664
"""2024-09-07""",517997734.47065705
"""2024-09-08""",526660301.14393973
"""2024-09-09""",552787245.3863448
"""2024-09-10""",559056301.4064082
"""2024-09-11""",546445243.9014378
"""2024-09-12""",549236114.6457398
"""2024-09-13""",564546383.5392513
"""2024-09-14""",556155446.0790771
"""2024-09-15""",537452289.6878188
"""2024-09-16""",533943571.4563359
"""2024-09-17""",546279533.2476007
"""2024-09-18""",554827368.380101
"""2024-09-19""",564144190.2024322
"""2024-09-20""",581877839.1158583
"""2024-09-21""",590401293.6473241
"""2024-09-22""",585975483.1306028
"""2024-09-23""",590823564.1396915
"""2024-09-24""",591834855.5372844
"""2024-09-25""",575610835.6713232
"""2024-09-26""",581918772.5461522
"""2024-09-27""",592752704.9692503
"""2024-09-28""",588974801.9537634
"""2024-09-29""",590667862.7647338
"""2024-09-30""",572366046.5817327
"""2024-10-01""",550037264.8456315
"""2024-10-02""",536063549.4066135
"""2024-10-03""",531943452.237704
"""2024-10-04""",551986395.1326619
"""2024-10-05""",541647198.9740077
"""2024-10-06""",555784175.9056472
"""2024-10-07""",551803605.233165
"""2024-10-08""",548450498.577232
"""2024-10-09""",540779455.8465742
"""2024-10-10""",540218896.0974944
"""2024-10-11""",555776553.8345054
"""2024-10-12""",560474479.0845594
"""2024-10-13""",555851321.9123713
"""2024-10-14""",580001552.6793455
"""2024-10-15""",568965156.1507641
"""2024-10-16""",557975494.9915016
"""2024-10-17""",558358657.7376372
"""2024-10-18""",563822343.2302105
"""2024-10-19""",567921992.3262345
"""2024-10-20""",582736252.3345711
"""2024-10-21""",568648398.0385587
"""2024-10-22""",566188660.8909954
"""2024-10-23""",551076853.4264165
"""2024-10-24""",558239845.5599298
"""2024-10-25""",532085430.0513331
"""2024-10-26""",548081663.1961086
"""2024-10-27""",550098880.9313262
"""2024-10-28""",558517727.1412752
"""2024-10-29""",569555529.060443
"""2024-10-30""",661848909.2999029
"""2024-10-31""",633453741.3070495
"""2024-11-01""",643316808.9362609
"""2024-11-02""",639521012.2876918
"""2024-11-03""",632918463.9466422
"""2024-11-04""",615019668.9569616
"""2024-11-05""",625584859.5965642
"""2024-11-06""",673405401.278059
"""2024-11-07""",687268900.9518504
"""2024-11-08""",714255570.1242226
"""2024-11-09""",741585631.7015433
"""2024-11-10""",750878169.4623256
"""2024-11-11""",788871478.104634
"""2024-11-12""",769491241.9462364
"""2024-11-13""",760760166.190793
"""2024-11-14""",751081748.6639565
"""2024-11-15""",786154010.0432637
"""2024-11-16""",811290446.6817002
"""2024-11-17""",789777163.0731486
"""2024-11-18""",806607115.8865877
"""2024-11-19""",802218690.6245139
"""2024-11-20""",791693127.4324244
"""2024-11-21""",835083634.3227875
"""2024-11-22""",856534913.3081629
"""2024-11-23""",879956612.9227031
"""2024-11-24""",871051451.1942621
"""2024-11-25""",877136600.9458516
"""2024-11-26""",866104189.9553328
"""2024-11-27""",927336419.4388406
"""2024-11-28""",908655027.5230312
"""2024-11-29""",933771151.6407185
"""2024-11-30""",951606561.2997003
"""2024-12-01""",941065750.7343329
"""2024-12-02""",931906594.6600696
"""2024-12-03""",953412450.1043142
"""2024-12-04""",973466859.0272812
"""2024-12-05""",939273770.2148192
"""2024-12-06""",994600534.065072
"""2024-12-07""",987021896.3107103
"""2024-12-08""",984274174.2086698
"""2024-12-09""",895325104.9266521
"""2024-12-10""",929203535.3522149
"""2024-12-11""",959435731.6129661
"""2024-12-12""",965750959.8568072
"""2024-12-13""",1492292668.67761
"""2024-12-14""",1474801114.82763
"""2024-12-15""",1492294925.34325
"""2024-12-16""",1469648667.07085
"""2024-12-17""",1470753875.48761
"""2024-12-18""",1374118612.61361
"""2024-12-19""",1355304425.73768
"""2024-12-20""",1387755624.8019
"""2024-12-21""",1332479302.87225
"""2024-12-22""",1321458700.45627
"""2024-12-23""",1361765638.09004
"""2024-12-24""",1397443619.88172
"""2024-12-25""",1381121395.27345
"""2024-12-26""",1327835014.21036
"""2024-12-27""",1335457492.30846
"""2024-12-28""",1342627825.12418
"""2024-12-29""",1334167432.62941
"""2024-12-30""",1267176738.72987
"""2024-12-31""",1296299003.35074
"""2025-01-01""",1297818643.88585
"""2025-01-02""",1342632899.19667
"""2025-01-03""",1425583979.16502
"""2025-01-04""",1387101068.0985
"""2025-01-05""",1375843192.51546
"""2025-01-06""",1394403083.55507
"""2025-01-07""",1297048343.72392
"""2025-01-08""",1268720393.5279
"""2025-01-09""",1259924110.27108
"""2025-01-10""",1282378351.13907
"""2025-01-11""",1282301491.45265
"""2025-01-12""",1245616324.05742
"""2025-01-13""",1241346143.72508
"""2025-01-14""",1283222834.85539
"""2025-01-15""",1375559375.04851
"""2025-01-16""",1372968541.28299
"""2025-01-17""",1422335633.18363
"""2025-01-18""",1355475228.34721
"""2025-01-19""",1305824092.05045
"""2025-01-20""",1348195614.17145
"""2025-01-21""",1373310872.85136
"""2025-01-22""",1369008331.88084
"""2025-01-23""",1428823828.14258
"""2025-01-24""",1415407817.13563
"""2025-01-25""",1438051648.73651
"""2025-01-26""",1419723880.37948
"""2025-01-27""",1463905409.73873
"""2025-01-28""",1399055655.16253
"""2025-01-29""",1435666985.47048
"""2025-01-30""",1474056669.62467
"""2025-01-31""",1439745626.53426
"""2025-02-01""",1386013506.06468
"""2025-02-02""",1321504773.99087
"""2025-02-03""",1419426641.48111
"""2025-02-04""",1401011588.88397
"""2025-02-05""",1361207267.04443
"""2025-02-06""",1330454659.85033
"""2025-02-07""",1324788019.14302
"""2025-02-08""",1321529893.63346
"""2025-02-09""",1312438597.08343
"""2025-02-10""",1330439613.14601
"""2025-02-11""",1310482603.34962
"""2025-02-12""",1354985340.5626
"""2025-02-13""",1325572670.29993
"""2025-02-14""",1368816358.92404
"""2025-02-15""",1367636176.88807
"""2025-02-16""",1345783205.09827
"""2025-02-17""",1342828474.58438
"""2025-02-18""",1331513664.13233
"""2025-02-19""",1333301394.30477
"""2025-02-20""",1343821059.49526
"""2025-02-21""",1334715227.47839
"""2025-02-22""",1339781904.50232
"""2025-02-23""",1333299488.15019
"""2025-02-24""",1257349676.39852
"""2025-02-25""",1253688463.37207
"""2025-02-26""",1202893308.58886
"""2025-02-27""",1221405671.67493
"""2025-02-28""",1105692506.78869
"""2025-03-01""",1135102856.92832
"""2025-03-02""",1248623200.06654
"""2025-03-03""",1173345524.34067
"""2025-03-04""",1140293996.20875
"""2025-03-05""",1164469204.62824
"""2025-03-06""",1149579634.04934
"""2025-03-07""",1129889251.84966
"""2025-03-08""",1160878085.29158
"""2025-03-09""",1070299098.39399
"""2025-03-10""",999370394.229153
"""2025-03-11""",1034849820.08623
"""2025-03-12""",1068867701.67794
"""2025-03-13""",1049486529.46712
"""2025-03-14""",1078785264.33123
"""2025-03-15""",1081622746.49752
"""2025-03-16""",1049172880.4377
"""2025-03-17""",1083509566.68904
"""2025-03-18""",1094748553.66219
"""2025-03-19""",1128136427.93422
"""2025-03-20""",1104066532.18371
"""2025-03-21""",1126668260.86291
"""2025-03-22""",1133441394.46614
"""2025-03-23""",1139584715.31273
"""2025-03-24""",1159954795.45196
"""2025-03-25""",1164756828.63744
"""2025-03-26""",1163685772.848
"""2025-03-27""",1169986128.40913
"""2025-03-28""",1120178424.2193
"""2025-03-29""",1076358969.64575
"""2025-03-30""",1064225666.51315
"""2025-03-31""",1079408144.94135
"""2025-04-01""",1085487199.2417
"""2025-04-02""",1039969438.11502
"""2025-04-03""",1060035519.16196
"""2025-04-04""",1084690488.21894
"""2025-04-05""",1056020226.42815
"""2025-04-06""",966504260.966334
"""2025-04-07""",990871228.930638
"""2025-04-08""",955471470.541379
"""2025-04-09""",1038032787.10231
"""2025-04-10""",1014441695.79968
"""2025-04-11""",1044370325.24138
"""2025-04-12""",1047558877.29241
"""2025-04-13""",1015823643.83527
"""2025-04-14""",1041952367.0108
"""2025-04-15""",1010674487.99161
"""2025-04-16""",1015266264.58358
"""2025-04-17""",1022798280.69869
"""2025-04-18""",1018386197.90547
"""2025-04-19""",1027105752.07704
"""2025-04-20""",1026143226.52671
"""2025-04-21""",1035096230.23646
"""2025-04-22""",1092529105.43591
"""2025-04-23""",1103383014.6891
"""2025-04-24""",1117064897.96516
"""2025-04-25""",1119863809.2007
"""2025-04-26""",1127361682.14396
"""2025-04-27""",1115994546.90363
"""2025-04-28""",1210489031.15542
"""2025-04-29""",1208281319.49391
"""2025-04-30""",1206154142.54917
"""2025-05-01""",1238254157.13319
"""2025-05-02""",1252529426.06265
"""2025-05-03""",1244072423.90726
"""2025-05-04""",1221489464.62289
"""2025-05-05""",1256870504.00037
"""2025-05-06""",1253717788.09278
"""2025-05-07""",1243532765.5116
"""2025-05-08""",1269591407.79558
"""2025-05-09""",1268046175.87282
"""2025-05-10""",1302429882.90828
"""2025-05-11""",1270497021.50071
"""2025-05-12""",1263581449.19414
"""2025-05-13""",1280996000.45247
"""2025-05-14""",1275792632.19064
"""2025-05-15""",1261640406.99119
"""2025-05-16""",1283761073.43373
"""2025-05-17""",1259778245.67274
"""2025-05-18""",1284412669.22877
"""2025-05-19""",1260816229.04025
"""2025-05-20""",1273260524.71641
"""2025-05-21""",1274282581.43098
"""2025-05-22""",1289012849.45755
"""2025-05-23""",1249271751.98401
"""2025-05-24""",1268281648.87965
"""2025-05-25""",1270365436.31128
"""2025-05-26""",1256467759.73552
"""2025-05-27""",1265279252.05091
"""2025-05-28""",1241965397.60679
"""2025-05-29""",1242440794.60751
"""2025-05-30""",1211830816.50923
"""2025-05-31""",1237745744.83334
"""2025-06-01""",1221150910.85021
"""2025-06-02""",1248201695.55454
"""2025-06-03""",1248711060.35757
"""2025-06-04""",1247429543.75245
"""2025-06-05""",1215808523.77391
"""2025-06-06""",1214725487.4459
"""2025-06-07""",1246442006.67761
"""2025-06-08""",1227770674.68818
"""2025-06-09""",1253920069.98262
"""2025-06-10""",1251940329.62144
"""2025-06-11""",1250308584.85042
"""2025-06-12""",1222823515.66405
"""2025-06-13""",1226172889.74446
"""2025-06-14""",1212514973.50716
"""2025-06-15""",1218400388.66246
"""2025-06-16""",1228164626.23662
"""2025-06-17""",1218500012.61256
"""2025-06-18""",1221522058.36827
"""2025-06-19""",1215277973.9366
"""2025-06-20""",1195314932.79071
"""2025-06-21""",1141042831.24062
"""2025-06-22""",1095781717.19391
"""2025-06-23""",1198892031.89168
"""2025-06-24""",1205724383.04355
"""2025-06-25""",1212111202.5774
"""2025-06-26""",1177734672.17389
"""2025-06-27""",1198724479.80558
"""2025-06-28""",1201867644.7622
"""2025-06-29""",1206624108.52994
"""2025-06-30""",1226478967.58554
"""2025-07-01""",1202845054.39511
"""2025-07-02""",1211090510.25833
"""2025-07-03""",1222513836.92582
"""2025-07-04""",1216890591.67654
"""2025-07-05""",1244360676.89215
"""2025-07-06""",1234738732.8825
"""2025-07-07""",1215328056.70591
"""2025-07-08""",1223463273.35074
"""2025-07-09""",1235539637.97701
"""2025-07-10""",1276761268.26555
"""2025-07-11""",1274595483.95018
"""2025-07-12""",1269341231.6302
"""2025-07-13""",1281993435.63919
"""2025-07-14""",1305490386.84115
"""2025-07-15""",1320890651.21153
"""2025-07-16""",1309189444.47685
"""2025-07-17""",1331988806.31293
"""2025-07-18""",1322312340.34612
"""2025-07-19""",1334423319.34124
"""2025-07-20""",1348822760.83102
"""2025-07-21""",1318442838.30918
"""2025-07-22""",1339544392.24628
"""2025-07-23""",1317875345.78219
"""2025-07-24""",1317018365.05043
"""2025-07-25""",1309555240.81692
"""2025-07-26""",1307850160.51568
"""2025-07-27""",1331352166.83517
"""2025-07-28""",1312789561.59095
"""2025-07-29""",1316474244.57258
"""2025-07-30""",1312659643.07464
"""2025-07-31""",1303699744.32299
"""2025-08-01""",1285398247.55703
"""2025-08-02""",1264345935.02978
"""2025-08-03""",1319936528.34032
"""2025-08-04""",1322742432.46698
"""2025-08-05""",1299407524.4564
"""2025-08-06""",1294380742.36454
"""2025-08-07""",1342593837.06485
"""2025-08-08""",1342843185.90387
"""2025-08-09""",1348541295.03072
"""2025-08-10""",1363455857.01667
"""2025-08-11""",1346231818.00551
"""2025-08-12""",1357148277.84008
"""2025-08-13""",1380765298.11722
"""2025-08-14""",1346894591.65465
"""2025-08-15""",1356893300.46003
"""2025-08-16""",1348596567.23018
"""2025-08-17""",1334684267.19145
"""2025-08-18""",1313957547.39611
"""2025-08-19""",1276904661.06021
"""2025-08-20""",1270072108.38172
"""2025-08-21""",1288681535.22035
"""2025-08-22""",1339392416.22936
"""2025-08-23""",1315157949.3021
"""2025-08-24""",1278118127.25017
"""2025-08-25""",1241661811.4559
"""2025-08-26""",1266821361.82161
"""2025-08-27""",1254482337.74916
"""2025-08-28""",1283062949.99659
"""2025-08-29""",1241178476.87751
"""2025-08-30""",1240299950.25556
"""2025-08-31""",1224682940.04407
"""2025-09-01""",1221129828.58369
"""2025-09-02""",1254765131.0183
"""2025-09-03""",1263748630.3307
"""2025-09-04""",1256243745.558
"""2025-09-05""",1274391564.46811
"""2025-09-06""",1267661927.23535
"""2025-09-07""",1264957034.73763
"""2025-09-08""",1265584167.86783
"""2025-09-09""",1259185079.52753
"""2025-09-10""",1282735343.18424
"""2025-09-11""",1293339568.38273
"""2025-09-12""",1291568805.97308
"""2025-09-13""",1282367162.99292
"""2025-09-14""",1278785115.40191
"""2025-09-15""",1284354102.07791
"""2025-09-16""",1290543566.13624
"""2025-09-17""",1286257096.73392
"""2025-09-18""",1291716899.66514
"""2025-09-19""",1294283973.68045
"""2025-09-20""",1290814512.70745
"""2025-09-21""",1272332887.20886
"""2025-09-22""",1249446388.32395
"""2025-09-23""",1236630164.648
"""2025-09-24""",1247408359.13009
"""2025-09-25""",1213146831.08168
"""2025-09-26""",1234431183.47035
"""2025-09-27""",1218260977.57836
"""2025-09-28""",1236103075.95145
"""2025-09-29""",1257326866.39014
"""2025-09-30""",1241876294.49989
"""2025-10-01""",1250702109.89948
"""2025-10-02""",1250282077.01328
"""2025-10-03""",1251248767.91763
"""2025-10-04""",1261709564.67944
"""2025-10-05""",1258133895.09722
"""2025-10-06""",1274776400.96016
"""2025-10-07""",1263913349.06114
"""2025-10-08""",1273131937.36676
"""2025-10-09""",1272013625.43679
"""2025-10-10""",1199371731.77974
"""2025-10-11""",1187534386.67843
"""2025-10-12""",1212449294.26429
"""2025-10-13""",1232646170.7068
"""2025-10-14""",1219843887.98959
"""2025-10-15""",1215760452.0747
"""2025-10-16""",1170250922.38049
"""2025-10-17""",1157146329.30602
"""2025-10-18""",1172742535.75609
"""2025-10-19""",1164220435.7909
"""2025-10-20""",1171377335.75694
"""2025-10-21""",1149814633.72086
"""2025-10-22""",1141615687.8996
"""2025-10-23""",1138101864.50393
"""2025-10-24""",1132689811.73775
"""2025-10-25""",1137874148.05896
"""2025-10-26""",1139355001.32221
"""2025-10-27""",1131129595.36434
"""2025-10-28""",1133434125.28997
"""2025-10-29""",1130940887.72948
"""2025-10-30""",1118541599.40847
"""2025-10-31""",1107485166.65876
"""2025-11-01""",1134089983.72815
"""2025-11-02""",1126789849.03979
"""2025-11-03""",1093229510.82198
"""2025-11-04""",1054316025.12828
"""2025-11-05""",1089730925.32292
"""2025-11-06""",1086360350.34896
"""2025-11-07""",1107403386.32994
"""2025-11-08""",1084859709.69739
"""2025-11-09""",1101979641.95495
"""2025-11-10""",1100286174.08111
"""2025-11-11""",1082461820.90924
"""2025-11-12""",1075713182.77693
"""2025-11-13""",1061425465.7596
